Case,Skin
CS:GO Weapon Case
,MP7 | Skulls
CS:GO Weapon Case
,AUG | Wings
CS:GO Weapon Case
,SG 553 | Ultraviolet
CS:GO Weapon Case
,Glock-18 | Dragon Tattoo
CS:GO Weapon Case
,USP-S | Dark Water
CS:GO Weapon Case
,M4A1-S | Dark Water
CS:GO Weapon Case
,AK-47 | Case Hardened
CS:GO Weapon Case
,Desert Eagle | Hypnotic
CS:GO Weapon Case
,AWP | Lightning Strike
Gallery Case
,USP-S | 27
Gallery Case
,Desert Eagle | Calligraffiti
Gallery Case
,MP5-SD | Statics
Gallery Case
,AUG | Luxe Trim
Gallery Case
,M249 | Hypnosis
Gallery Case
,R8 Revolver | Tango
Gallery Case
,SCAR-20 | Trail Blazer
Gallery Case
,M4A4 | Turbine
Gallery Case
,Dual Berettas | Hydro Strike
Gallery Case
,MAC-10 | Saibā Oni
Gallery Case
,P90 | Randy Rush
Gallery Case
,SSG 08 | Rapid Transit
Gallery Case
,AK-47 | The Outsiders
Gallery Case
,P250 | Epicenter
Gallery Case
,UMP-45 | Neo-Noir
Gallery Case
,Glock-18 | Gold Toof
Gallery Case
,M4A1-S | Vaporwave
Fever Case
,M4A4 | Choppa
Fever Case
,MAG-7 | Resupply
Fever Case
,SSG 08 | Memorial
Fever Case
,P2000 | Sure Grip
Fever Case
,USP-S | PC-GRN
Fever Case
,MP9 | Nexus
Fever Case
,XM1014 | Mockingbird
Fever Case
,Desert Eagle | Serpent Strike
Fever Case
,Zeus x27 | Tosai
Fever Case
,Nova | Rising Sun
Fever Case
,Galil AR | Control
Fever Case
,P90 | Wave Breaker
Fever Case
,AK-47 | Searing Rage
Fever Case
,Glock-18 | Shinobu
Fever Case
,UMP-45 | K.O. Factory
Fever Case
,FAMAS | Bad Trip
Fever Case
,AWP | Printstream
eSports 2013 Case
,M4A4 | Faded Zebra
eSports 2013 Case
,MAG-7 | Memento
eSports 2013 Case
,FAMAS | Doomkitty
eSports 2013 Case
,Galil AR | Orange DDPAT
eSports 2013 Case
,Sawed-Off | Orange DDPAT
eSports 2013 Case
,P250 | Splash
eSports 2013 Case
,AK-47 | Red Laminate
eSports 2013 Case
,AWP | BOOM
eSports 2013 Case
,P90 | Death by Kitty
Operation Bravo Case
,SG 553 | Wave Spray
Operation Bravo Case
,Dual Berettas | Black Limba
Operation Bravo Case
,Nova | Tempest
Operation Bravo Case
,Galil AR | Shattered
Operation Bravo Case
,UMP-45 | Bone Pile
Operation Bravo Case
,G3SG1 | Demeter
Operation Bravo Case
,USP-S | Overgrowth
Operation Bravo Case
,M4A4 | Zirka
Operation Bravo Case
,MAC-10 | Graven
Operation Bravo Case
,M4A1-S | Bright Water
Operation Bravo Case
,P90 | Emerald Dragon
Operation Bravo Case
,P2000 | Ocean Foam
Operation Bravo Case
,AWP | Graphite
Operation Bravo Case
,AK-47 | Fire Serpent
Operation Bravo Case
,Desert Eagle | Golden Koi
CS:GO Weapon Case 2
,Tec-9 | Blue Titanium
CS:GO Weapon Case 2
,M4A1-S | Blood Tiger
CS:GO Weapon Case 2
,FAMAS | Hexane
CS:GO Weapon Case 2
,P250 | Hive
CS:GO Weapon Case 2
,SCAR-20 | Crimson Web
CS:GO Weapon Case 2
,Five-SeveN | Case Hardened
CS:GO Weapon Case 2
,MP9 | Hypnotic
CS:GO Weapon Case 2
,Nova | Graphite
CS:GO Weapon Case 2
,Dual Berettas | Hemoglobin
CS:GO Weapon Case 2
,P90 | Cold Blooded
CS:GO Weapon Case 2
,USP-S | Serum
CS:GO Weapon Case 2
,SSG 08 | Blood in the Water
eSports 2013 Winter Case
,Galil AR | Blue Titanium
eSports 2013 Winter Case
,Five-SeveN | Nightshade
eSports 2013 Winter Case
,PP-Bizon | Water Sigil
eSports 2013 Winter Case
,Nova | Ghost Camo
eSports 2013 Winter Case
,G3SG1 | Azure Zebra
eSports 2013 Winter Case
,P250 | Steel Disruption
eSports 2013 Winter Case
,AK-47 | Blue Laminate
eSports 2013 Winter Case
,P90 | Blind Spot
eSports 2013 Winter Case
,FAMAS | Afterimage
eSports 2013 Winter Case
,AWP | Electric Hive
eSports 2013 Winter Case
,Desert Eagle | Cobalt Disruption
eSports 2013 Winter Case
,M4A4 | X-Ray
Winter Offensive Weapon Case
,Galil AR | Sandstorm
Winter Offensive Weapon Case
,Five-SeveN | Kami
Winter Offensive Weapon Case
,M249 | Magma
Winter Offensive Weapon Case
,PP-Bizon | Cobalt Halftone
Winter Offensive Weapon Case
,FAMAS | Pulse
Winter Offensive Weapon Case
,Dual Berettas | Marina
Winter Offensive Weapon Case
,MP9 | Rose Iron
Winter Offensive Weapon Case
,Nova | Rising Skull
Winter Offensive Weapon Case
,M4A1-S | Guardian
Winter Offensive Weapon Case
,P250 | Mehndi
Winter Offensive Weapon Case
,AWP | Redline
Winter Offensive Weapon Case
,M4A4 | Asiimov
Winter Offensive Weapon Case
,Sawed-Off | The Kraken
CS:GO Weapon Case 3
,CZ75-Auto | Crimson Web
CS:GO Weapon Case 3
,P2000 | Red FragCam
CS:GO Weapon Case 3
,Dual Berettas | Panther
CS:GO Weapon Case 3
,USP-S | Stainless
CS:GO Weapon Case 3
,Glock-18 | Blue Fissure
CS:GO Weapon Case 3
,CZ75-Auto | Tread Plate
CS:GO Weapon Case 3
,Tec-9 | Titanium Bit
CS:GO Weapon Case 3
,Desert Eagle | Heirloom
CS:GO Weapon Case 3
,Five-SeveN | Copper Galaxy
CS:GO Weapon Case 3
,CZ75-Auto | The Fuschia Is Now
CS:GO Weapon Case 3
,P250 | Undertow
CS:GO Weapon Case 3
,CZ75-Auto | Victoria
Operation Phoenix Weapon Case
,UMP-45 | Corporal
Operation Phoenix Weapon Case
,Negev | Terrain
Operation Phoenix Weapon Case
,Tec-9 | Sandstorm
Operation Phoenix Weapon Case
,MAG-7 | Heaven Guard
Operation Phoenix Weapon Case
,MAC-10 | Heat
Operation Phoenix Weapon Case
,SG 553 | Pulse
Operation Phoenix Weapon Case
,FAMAS | Sergeant
Operation Phoenix Weapon Case
,USP-S | Guardian
Operation Phoenix Weapon Case
,AK-47 | Redline
Operation Phoenix Weapon Case
,P90 | Trigon
Operation Phoenix Weapon Case
,Nova | Antique
Operation Phoenix Weapon Case
,AWP | Asiimov
Operation Phoenix Weapon Case
,AUG | Chameleon
Danger Zone Case
,MP9 | Modest Threat
Danger Zone Case
,Glock-18 | Oxide Blaze
Danger Zone Case
,Nova | Wood Fired
Danger Zone Case
,M4A4 | Magnesium
Danger Zone Case
,Sawed-Off | Black Sand
Danger Zone Case
,SG 553 | Danger Close
Danger Zone Case
,Tec-9 | Fubar
Danger Zone Case
,G3SG1 | Scavenger
Danger Zone Case
,Galil AR | Signal
Danger Zone Case
,MAC-10 | Pipe Down
Danger Zone Case
,P250 | Nevermore
Danger Zone Case
,USP-S | Flashback
Danger Zone Case
,UMP-45 | Momentum
Danger Zone Case
,Desert Eagle | Mecha Industries
Danger Zone Case
,MP5-SD | Phosphor
Danger Zone Case
,AK-47 | Asiimov
Danger Zone Case
,AWP | Neo-Noir
Prisma Case
,FAMAS | Crypsis
Prisma Case
,AK-47 | Uncharted
Prisma Case
,MAC-10 | Whitefish
Prisma Case
,Galil AR | Akoben
Prisma Case
,MP7 | Mischief
Prisma Case
,P250 | Verdigris
Prisma Case
,P90 | Off World
Prisma Case
,AWP | Atheris
Prisma Case
,Tec-9 | Bamboozle
Prisma Case
,Desert Eagle | Light Rail
Prisma Case
,MP5-SD | Gauss
Prisma Case
,UMP-45 | Moonrise
Prisma Case
,R8 Revolver | Skull Crusher
Prisma Case
,AUG | Momentum
Prisma Case
,XM1014 | Incinegator
Prisma Case
,Five-SeveN | Angry Mob
Prisma Case
,M4A4 | The Emperor
CS20 Case
,Dual Berettas | Elite 1.6
CS20 Case
,Tec-9 | Flash Out
CS20 Case
,MAC-10 | Classic Crate
CS20 Case
,MAG-7 | Popdog
CS20 Case
,SCAR-20 | Assault
CS20 Case
,FAMAS | Decommissioned
CS20 Case
,Glock-18 | Sacrifice
CS20 Case
,M249 | Aztec
CS20 Case
,MP5-SD | Agent
CS20 Case
,Five-SeveN | Buddy
CS20 Case
,P250 | Inferno
CS20 Case
,UMP-45 | Plastique
CS20 Case
,MP9 | Hydra
CS20 Case
,P90 | Nostalgia
CS20 Case
,AUG | Death by Puppy
CS20 Case
,AWP | Wildfire
CS20 Case
,FAMAS | Commemoration
Shattered Web Case
,MP5-SD | Acid Wash
Shattered Web Case
,Nova | Plume
Shattered Web Case
,G3SG1 | Black Sand
Shattered Web Case
,R8 Revolver | Memento
Shattered Web Case
,Dual Berettas | Balance
Shattered Web Case
,SCAR-20 | Torn
Shattered Web Case
,M249 | Warbird
Shattered Web Case
,PP-Bizon | Embargo
Shattered Web Case
,AK-47 | Rat Rod
Shattered Web Case
,AUG | Arctic Wolf
Shattered Web Case
,MP7 | Neon Ply
Shattered Web Case
,P2000 | Obsidian
Shattered Web Case
,Tec-9 | Decimator
Shattered Web Case
,SG 553 | Colony IV
Shattered Web Case
,SSG 08 | Bloodshot
Shattered Web Case
,AWP | Containment Breach
Shattered Web Case
,MAC-10 | Stalker
Prisma 2 Case
,AUG | Tom Cat
Prisma 2 Case
,AWP | Capillary
Prisma 2 Case
,CZ75-Auto | Distressed
Prisma 2 Case
,Desert Eagle | Blue Ply
Prisma 2 Case
,MP5-SD | Desert Strike
Prisma 2 Case
,Negev | Prototype
Prisma 2 Case
,R8 Revolver | Bone Forged
Prisma 2 Case
,P2000 | Acid Etched
Prisma 2 Case
,Sawed-Off | Apocalypto
Prisma 2 Case
,SCAR-20 | Enforcer
Prisma 2 Case
,SG 553 | Darkwing
Prisma 2 Case
,SSG 08 | Fever Dream
Prisma 2 Case
,AK-47 | Phantom Disruptor
Prisma 2 Case
,MAC-10 | Disco Tech
Prisma 2 Case
,MAG-7 | Justice
Prisma 2 Case
,M4A1-S | Player Two
Prisma 2 Case
,Glock-18 | Bullet Queen
Fracture Case
,Negev | Ultralight
Fracture Case
,P2000 | Gnarled
Fracture Case
,SG 553 | Ol' Rusty
Fracture Case
,SSG 08 | Mainframe 001
Fracture Case
,P250 | Cassette
Fracture Case
,P90 | Freight
Fracture Case
,PP-Bizon | Runic
Fracture Case
,MAG-7 | Monster Call
Fracture Case
,Tec-9 | Brother
Fracture Case
,MAC-10 | Allure
Fracture Case
,Galil AR | Connexion
Fracture Case
,MP5-SD | Kitbash
Fracture Case
,M4A4 | Tooth Fairy
Fracture Case
,Glock-18 | Vogue
Fracture Case
,XM1014 | Entombed
Fracture Case
,Desert Eagle | Printstream
Fracture Case
,AK-47 | Legion of Anubis
Operation Hydra Case
,USP-S | Blueprint
Operation Hydra Case
,FAMAS | Macabre
Operation Hydra Case
,M4A1-S | Briefing
Operation Hydra Case
,MAC-10 | Aloha
Operation Hydra Case
,MAG-7 | Hard Water
Operation Hydra Case
,Tec-9 | Cut Out
Operation Hydra Case
,UMP-45 | Metal Flowers
Operation Hydra Case
,AK-47 | Orbit Mk01
Operation Hydra Case
,P2000 | Woodsman
Operation Hydra Case
,P250 | Red Rock
Operation Hydra Case
,P90 | Death Grip
Operation Hydra Case
,SSG 08 | Death's Head
Operation Hydra Case
,Dual Berettas | Cobra Strike
Operation Hydra Case
,Galil AR | Sugar Rush
Operation Hydra Case
,M4A4 | Hellfire
Operation Hydra Case
,Five-SeveN | Hyper Beast
Operation Hydra Case
,AWP | Oni Taiji
Spectrum 2 Case
,Sawed-Off | Morris
Spectrum 2 Case
,AUG | Triqua
Spectrum 2 Case
,G3SG1 | Hunter
Spectrum 2 Case
,Glock-18 | Off World
Spectrum 2 Case
,MAC-10 | Oceanic
Spectrum 2 Case
,Tec-9 | Cracked Opal
Spectrum 2 Case
,SCAR-20 | Jungle Slipstream
Spectrum 2 Case
,MP9 | Goo
Spectrum 2 Case
,SG 553 | Phantom
Spectrum 2 Case
,CZ75-Auto | Tacticat
Spectrum 2 Case
,UMP-45 | Exposure
Spectrum 2 Case
,XM1014 | Ziggy
Spectrum 2 Case
,PP-Bizon | High Roller
Spectrum 2 Case
,M4A1-S | Leaded Glass
Spectrum 2 Case
,R8 Revolver | Llama Cannon
Spectrum 2 Case
,AK-47 | The Empress
Spectrum 2 Case
,P250 | See Ya Later
Clutch Case
,PP-Bizon | Night Riot
Clutch Case
,Five-SeveN | Flame Test
Clutch Case
,MP9 | Black Sand
Clutch Case
,P2000 | Urban Hazard
Clutch Case
,R8 Revolver | Grip
Clutch Case
,SG 553 | Aloha
Clutch Case
,XM1014 | Oxide Blaze
Clutch Case
,Glock-18 | Moonrise
Clutch Case
,Negev | Lionfish
Clutch Case
,Nova | Wild Six
Clutch Case
,MAG-7 | SWAG-7
Clutch Case
,UMP-45 | Arctic Wolf
Clutch Case
,AUG | Stymphalian
Clutch Case
,AWP | Mortis
Clutch Case
,USP-S | Cortex
Clutch Case
,M4A4 | Neo-Noir
Clutch Case
,MP7 | Bloodsport
Horizon Case
,AUG | Amber Slipstream
Horizon Case
,Dual Berettas | Shred
Horizon Case
,Glock-18 | Warhawk
Horizon Case
,MP9 | Capillary
Horizon Case
,P90 | Traction
Horizon Case
,R8 Revolver | Survivalist
Horizon Case
,Tec-9 | Snek-9
Horizon Case
,CZ75-Auto | Eco
Horizon Case
,G3SG1 | High Seas
Horizon Case
,Nova | Toy Soldier
Horizon Case
,AWP | PAW
Horizon Case
,MP7 | Powercore
Horizon Case
,M4A1-S | Nightmare
Horizon Case
,Sawed-Off | Devourer
Horizon Case
,FAMAS | Eye of Athena
Horizon Case
,AK-47 | Neon Rider
Horizon Case
,Desert Eagle | Code Red
Huntsman Weapon Case
,Tec-9 | Isaac
Huntsman Weapon Case
,SSG 08 | Slashed
Huntsman Weapon Case
,Galil AR | Kami
Huntsman Weapon Case
,CZ75-Auto | Twist
Huntsman Weapon Case
,P90 | Module
Huntsman Weapon Case
,P2000 | Pulse
Huntsman Weapon Case
,AUG | Torque
Huntsman Weapon Case
,PP-Bizon | Antique
Huntsman Weapon Case
,XM1014 | Heaven Guard
Huntsman Weapon Case
,MAC-10 | Tatter
Huntsman Weapon Case
,M4A1-S | Atomic Alloy
Huntsman Weapon Case
,SCAR-20 | Cyrex
Huntsman Weapon Case
,USP-S | Caiman
Huntsman Weapon Case
,AK-47 | Vulcan
Huntsman Weapon Case
,M4A4 | Desert-Strike
Operation Breakout Weapon Case
,MP7 | Urban Hazard
Operation Breakout Weapon Case
,Negev | Desert-Strike
Operation Breakout Weapon Case
,P2000 | Ivory
Operation Breakout Weapon Case
,SSG 08 | Abyss
Operation Breakout Weapon Case
,UMP-45 | Labyrinth
Operation Breakout Weapon Case
,PP-Bizon | Osiris
Operation Breakout Weapon Case
,CZ75-Auto | Tigris
Operation Breakout Weapon Case
,Nova | Koi
Operation Breakout Weapon Case
,P250 | Supernova
Operation Breakout Weapon Case
,Desert Eagle | Conspiracy
Operation Breakout Weapon Case
,Five-SeveN | Fowl Play
Operation Breakout Weapon Case
,Glock-18 | Water Elemental
Operation Breakout Weapon Case
,P90 | Asiimov
Operation Breakout Weapon Case
,M4A1-S | Cyrex
eSports 2014 Summer Case
,SSG 08 | Dark Water
eSports 2014 Summer Case
,MAC-10 | Ultraviolet
eSports 2014 Summer Case
,USP-S | Blood Tiger
eSports 2014 Summer Case
,CZ75-Auto | Hexane
eSports 2014 Summer Case
,Negev | Bratatat
eSports 2014 Summer Case
,XM1014 | Red Python
eSports 2014 Summer Case
,PP-Bizon | Blue Streak
eSports 2014 Summer Case
,P90 | Virus
eSports 2014 Summer Case
,MP7 | Ocean Foam
eSports 2014 Summer Case
,Glock-18 | Steel Disruption
eSports 2014 Summer Case
,Desert Eagle | Crimson Web
eSports 2014 Summer Case
,AUG | Bengal Tiger
eSports 2014 Summer Case
,Nova | Bloomstick
eSports 2014 Summer Case
,AWP | Corticera
eSports 2014 Summer Case
,P2000 | Corticera
eSports 2014 Summer Case
,M4A4 | Bullet Rain
eSports 2014 Summer Case
,AK-47 | Jaguar
Operation Vanguard Weapon Case
,G3SG1 | Murky
Operation Vanguard Weapon Case
,MAG-7 | Firestarter
Operation Vanguard Weapon Case
,MP9 | Dart
Operation Vanguard Weapon Case
,Five-SeveN | Urban Hazard
Operation Vanguard Weapon Case
,UMP-45 | Delusion
Operation Vanguard Weapon Case
,Glock-18 | Grinder
Operation Vanguard Weapon Case
,M4A1-S | Basilisk
Operation Vanguard Weapon Case
,M4A4 | Griffin
Operation Vanguard Weapon Case
,Sawed-Off | Highwayman
Operation Vanguard Weapon Case
,P250 | Cartel
Operation Vanguard Weapon Case
,SCAR-20 | Cardiac
Operation Vanguard Weapon Case
,XM1014 | Tranquility
Operation Vanguard Weapon Case
,AK-47 | Wasteland Rebel
Operation Vanguard Weapon Case
,P2000 | Fire Elemental
Chroma Case
,Glock-18 | Catacombs
Chroma Case
,M249 | System Lock
Chroma Case
,MP9 | Deadly Poison
Chroma Case
,SCAR-20 | Grotto
Chroma Case
,XM1014 | Quicksilver
Chroma Case
,Dual Berettas | Urban Shock
Chroma Case
,Desert Eagle | Naga
Chroma Case
,MAC-10 | Malachite
Chroma Case
,Sawed-Off | Serenity
Chroma Case
,AK-47 | Cartel
Chroma Case
,M4A4 | 龍王 (Dragon King)
Chroma Case
,P250 | Muertos
Chroma Case
,AWP | Man-o'-war
Chroma Case
,Galil AR | Chatterbox
Chroma 2 Case
,AK-47 | Elite Build
Chroma 2 Case
,MP7 | Armor Core
Chroma 2 Case
,Desert Eagle | Bronze Deco
Chroma 2 Case
,P250 | Valence
Chroma 2 Case
,Negev | Man-o'-war
Chroma 2 Case
,Sawed-Off | Origami
Chroma 2 Case
,AWP | Worm God
Chroma 2 Case
,MAG-7 | Heat
Chroma 2 Case
,CZ75-Auto | Pole Position
Chroma 2 Case
,UMP-45 | Grand Prix
Chroma 2 Case
,Five-SeveN | Monkey Business
Chroma 2 Case
,Galil AR | Eco
Chroma 2 Case
,FAMAS | Djinn
Chroma 2 Case
,M4A1-S | Hyper Beast
Chroma 2 Case
,MAC-10 | Neon Rider
Falchion Case
,Galil AR | Rocket Pop
Falchion Case
,Glock-18 | Bunsen Burner
Falchion Case
,Nova | Ranger
Falchion Case
,P90 | Elite Build
Falchion Case
,UMP-45 | Riot
Falchion Case
,USP-S | Torque
Falchion Case
,FAMAS | Neural Net
Falchion Case
,M4A4 | Evil Daimyo
Falchion Case
,MP9 | Ruby Poison Dart
Falchion Case
,Negev | Loudmouth
Falchion Case
,P2000 | Handgun
Falchion Case
,CZ75-Auto | Yellow Jacket
Falchion Case
,MP7 | Nemesis
Falchion Case
,SG 553 | Cyrex
Falchion Case
,AK-47 | Aquamarine Revenge
Falchion Case
,AWP | Hyper Beast
Shadow Case
,Dual Berettas | Dualing Dragons
Shadow Case
,FAMAS | Survivor Z
Shadow Case
,Glock-18 | Wraiths
Shadow Case
,MAC-10 | Rangeen
Shadow Case
,MAG-7 | Cobalt Core
Shadow Case
,SCAR-20 | Green Marine
Shadow Case
,XM1014 | Scumbria
Shadow Case
,Galil AR | Stone Cold
Shadow Case
,M249 | Nebula Crusader
Shadow Case
,MP7 | Special Delivery
Shadow Case
,P250 | Wingshot
Shadow Case
,AK-47 | Frontside Misty
Shadow Case
,G3SG1 | Flux
Shadow Case
,SSG 08 | Big Iron
Shadow Case
,M4A1-S | Golden Coil
Shadow Case
,USP-S | Kill Confirmed
Revolver Case
,R8 Revolver | Crimson Web
Revolver Case
,AUG | Ricochet
Revolver Case
,Desert Eagle | Corinthian
Revolver Case
,P2000 | Imperial
Revolver Case
,Sawed-Off | Yorick
Revolver Case
,SCAR-20 | Outbreak
Revolver Case
,PP-Bizon | Fuel Rod
Revolver Case
,Five-SeveN | Retrobution
Revolver Case
,Negev | Power Loader
Revolver Case
,SG 553 | Tiger Moth
Revolver Case
,Tec-9 | Avalanche
Revolver Case
,XM1014 | Teclu Burner
Revolver Case
,AK-47 | Point Disarray
Revolver Case
,G3SG1 | The Executioner
Revolver Case
,P90 | Shapewood
Revolver Case
,M4A4 | Royal Paladin
Revolver Case
,R8 Revolver | Fade
Operation Wildfire Case
,PP-Bizon | Photic Zone
Operation Wildfire Case
,Dual Berettas | Cartel
Operation Wildfire Case
,MAC-10 | Lapis Gator
Operation Wildfire Case
,SSG 08 | Necropos
Operation Wildfire Case
,Tec-9 | Jambiya
Operation Wildfire Case
,USP-S | Lead Conduit
Operation Wildfire Case
,FAMAS | Valence
Operation Wildfire Case
,Five-SeveN | Triumvirate
Operation Wildfire Case
,Glock-18 | Royal Legion
Operation Wildfire Case
,MAG-7 | Praetorian
Operation Wildfire Case
,MP7 | Impire
Operation Wildfire Case
,AWP | Elite Build
Operation Wildfire Case
,Desert Eagle | Kumicho Dragon
Operation Wildfire Case
,Nova | Hyper Beast
Operation Wildfire Case
,AK-47 | Fuel Injector
Operation Wildfire Case
,M4A4 | The Battlestar
Chroma 3 Case
,Dual Berettas | Ventilators
Chroma 3 Case
,G3SG1 | Orange Crash
Chroma 3 Case
,M249 | Spectre
Chroma 3 Case
,MP9 | Bioleak
Chroma 3 Case
,P2000 | Oceanic
Chroma 3 Case
,Sawed-Off | Fubar
Chroma 3 Case
,SG 553 | Atlas
Chroma 3 Case
,CZ75-Auto | Red Astor
Chroma 3 Case
,Galil AR | Firefight
Chroma 3 Case
,SSG 08 | Ghost Crusader
Chroma 3 Case
,Tec-9 | Re-Entry
Chroma 3 Case
,XM1014 | Black Tie
Chroma 3 Case
,AUG | Fleet Flock
Chroma 3 Case
,P250 | Asiimov
Chroma 3 Case
,UMP-45 | Primal Saber
Chroma 3 Case
,PP-Bizon | Judgement of Anubis
Chroma 3 Case
,M4A1-S | Chantico's Fire
Gamma Case
,Five-SeveN | Violent Daimyo
Gamma Case
,MAC-10 | Carnivore
Gamma Case
,Nova | Exo
Gamma Case
,P250 | Iron Clad
Gamma Case
,PP-Bizon | Harvester
Gamma Case
,SG 553 | Aerial
Gamma Case
,Tec-9 | Ice Cap
Gamma Case
,AUG | Aristocrat
Gamma Case
,AWP | Phobos
Gamma Case
,P90 | Chopper
Gamma Case
,R8 Revolver | Reboot
Gamma Case
,Sawed-Off | Limelight
Gamma Case
,M4A4 | Desolate Space
Gamma Case
,P2000 | Imperial Dragon
Gamma Case
,SCAR-20 | Bloodsport
Gamma Case
,Glock-18 | Wasteland Rebel
Gamma Case
,M4A1-S | Mecha Industries
Gamma 2 Case
,CZ75-Auto | Imprint
Gamma 2 Case
,Five-SeveN | Scumbria
Gamma 2 Case
,G3SG1 | Ventilator
Gamma 2 Case
,Negev | Dazzle
Gamma 2 Case
,P90 | Grim
Gamma 2 Case
,UMP-45 | Briefing
Gamma 2 Case
,XM1014 | Slipstream
Gamma 2 Case
,Desert Eagle | Directive
Gamma 2 Case
,Glock-18 | Weasel
Gamma 2 Case
,MAG-7 | Petroglyph
Gamma 2 Case
,SCAR-20 | Powercore
Gamma 2 Case
,SG 553 | Triarch
Gamma 2 Case
,AUG | Syd Mead
Gamma 2 Case
,MP9 | Airlock
Gamma 2 Case
,Tec-9 | Fuel Injector
Gamma 2 Case
,AK-47 | Neon Revolution
Gamma 2 Case
,FAMAS | Roll Cage
Glove Case
,CZ75-Auto | Polymer
Glove Case
,Glock-18 | Ironwork
Glove Case
,MP7 | Cirrus
Glove Case
,Galil AR | Black Sand
Glove Case
,MP9 | Sand Scale
Glove Case
,MAG-7 | Sonar
Glove Case
,P2000 | Turf
Glove Case
,Dual Berettas | Royal Consorts
Glove Case
,G3SG1 | Stinger
Glove Case
,M4A1-S | Flashback
Glove Case
,Nova | Gila
Glove Case
,USP-S | Cyrex
Glove Case
,FAMAS | Mecha Industries
Glove Case
,P90 | Shallow Grave
Glove Case
,Sawed-Off | Wasteland Princess
Glove Case
,SSG 08 | Dragonfire
Glove Case
,M4A4 | Buzz Kill
Spectrum Case
,PP-Bizon | Jungle Slipstream
Spectrum Case
,SCAR-20 | Blueprint
Spectrum Case
,Desert Eagle | Oxide Blaze
Spectrum Case
,Five-SeveN | Capillary
Spectrum Case
,MP7 | Akoben
Spectrum Case
,P250 | Ripple
Spectrum Case
,Sawed-Off | Zander
Spectrum Case
,Galil AR | Crimson Tsunami
Spectrum Case
,M249 | Emerald Poison Dart
Spectrum Case
,MAC-10 | Last Dive
Spectrum Case
,UMP-45 | Scaffold
Spectrum Case
,XM1014 | Seasons
Spectrum Case
,AWP | Fever Dream
Spectrum Case
,CZ75-Auto | Xiangliu
Spectrum Case
,M4A1-S | Decimator
Spectrum Case
,AK-47 | Bloodsport
Spectrum Case
,USP-S | Neo-Noir
Operation Broken Fang Case
,CZ75-Auto | Vendetta
Operation Broken Fang Case
,P90 | Cocoa Rampage
Operation Broken Fang Case
,G3SG1 | Digital Mesh
Operation Broken Fang Case
,Galil AR | Vandal
Operation Broken Fang Case
,P250 | Contaminant
Operation Broken Fang Case
,M249 | Deep Relief
Operation Broken Fang Case
,MP5-SD | Condition Zero
Operation Broken Fang Case
,AWP | Exoskeleton
Operation Broken Fang Case
,Dual Berettas | Dezastre
Operation Broken Fang Case
,Nova | Clear Polymer
Operation Broken Fang Case
,SSG 08 | Parallax
Operation Broken Fang Case
,UMP-45 | Gold Bismuth
Operation Broken Fang Case
,Five-SeveN | Fairy Tale
Operation Broken Fang Case
,M4A4 | Cyber Security
Operation Broken Fang Case
,USP-S | Monster Mashup
Operation Broken Fang Case
,M4A1-S | Printstream
Operation Broken Fang Case
,Glock-18 | Neo-Noir
Kilowatt Case
,Dual Berettas | Hideout
Kilowatt Case
,MAC-10 | Light Box
Kilowatt Case
,Nova | Dark Sigil
Kilowatt Case
,SSG 08 | Dezastre
Kilowatt Case
,Tec-9 | Slag
Kilowatt Case
,UMP-45 | Motorized
Kilowatt Case
,XM1014 | Irezumi
Kilowatt Case
,Glock-18 | Block-18
Kilowatt Case
,M4A4 | Etch Lord
Kilowatt Case
,Five-SeveN | Hybrid
Kilowatt Case
,MP7 | Just Smile
Kilowatt Case
,Sawed-Off | Analog Input
Kilowatt Case
,M4A1-S | Black Lotus
Kilowatt Case
,Zeus x27 | Olympus
Kilowatt Case
,USP-S | Jawbreaker
Kilowatt Case
,AWP | Chrome Cannon
Kilowatt Case
,AK-47 | Inheritance
Revolution Case
,MAG-7 | Insomnia
Revolution Case
,MP9 | Featherweight
Revolution Case
,SCAR-20 | Fragments
Revolution Case
,P250 | Re.built
Revolution Case
,MP5-SD | Liquidation
Revolution Case
,SG 553 | Cyberforce
Revolution Case
,Tec-9 | Rebel
Revolution Case
,M4A1-S | Emphorosaur-S
Revolution Case
,Glock-18 | Umbral Rabbit
Revolution Case
,MAC-10 | Sakkaku
Revolution Case
,R8 Revolver | Banana Cannon
Revolution Case
,P90 | Neoqueen
Revolution Case
,AWP | Duality
Revolution Case
,UMP-45 | Wild Child
Revolution Case
,P2000 | Wicked Sick
Revolution Case
,M4A4 | Temukau
Revolution Case
,AK-47 | Head Shot
Recoil Case
,FAMAS | Meow 36
Recoil Case
,Galil AR | Destroyer
Recoil Case
,M4A4 | Poly Mag
Recoil Case
,MAC-10 | Monkeyflage
Recoil Case
,Negev | Drop Me
Recoil Case
,UMP-45 | Roadblock
Recoil Case
,Glock-18 | Winterized
Recoil Case
,R8 Revolver | Crazy 8
Recoil Case
,M249 | Downtown
Recoil Case
,SG 553 | Dragon Tech
Recoil Case
,P90 | Vent Rush
Recoil Case
,Dual Berettas | Flora Carnivora
Recoil Case
,AK-47 | Ice Coaled
Recoil Case
,P250 | Visions
Recoil Case
,Sawed-Off | Kiss♥Love
Recoil Case
,USP-S | Printstream
Recoil Case
,AWP | Chromatic Aberration
Dreams & Nightmares Case
,Five-SeveN | Scrawl
Dreams & Nightmares Case
,MAC-10 | Ensnared
Dreams & Nightmares Case
,MAG-7 | Foresight
Dreams & Nightmares Case
,MP5-SD | Necro Jr.
Dreams & Nightmares Case
,P2000 | Lifted Spirits
Dreams & Nightmares Case
,SCAR-20 | Poultrygeist
Dreams & Nightmares Case
,Sawed-Off | Spirit Board
Dreams & Nightmares Case
,PP-Bizon | Space Cat
Dreams & Nightmares Case
,G3SG1 | Dream Glade
Dreams & Nightmares Case
,M4A1-S | Night Terror
Dreams & Nightmares Case
,XM1014 | Zombie Offensive
Dreams & Nightmares Case
,USP-S | Ticket to Hell
Dreams & Nightmares Case
,Dual Berettas | Melondrama
Dreams & Nightmares Case
,FAMAS | Rapid Eye Movement
Dreams & Nightmares Case
,MP7 | Abyssal Apparition
Dreams & Nightmares Case
,AK-47 | Nightwish
Dreams & Nightmares Case
,MP9 | Starlight Protector
Operation Riptide Case
,AUG | Plague
Operation Riptide Case
,Dual Berettas | Tread
Operation Riptide Case
,G3SG1 | Keeping Tabs
Operation Riptide Case
,MP7 | Guerrilla
Operation Riptide Case
,PP-Bizon | Lumen
Operation Riptide Case
,USP-S | Black Lotus
Operation Riptide Case
,XM1014 | Watchdog
Operation Riptide Case
,MAG-7 | BI83 Spectrum
Operation Riptide Case
,FAMAS | ZX Spectron
Operation Riptide Case
,Five-SeveN | Boost Protocol
Operation Riptide Case
,MP9 | Mount Fuji
Operation Riptide Case
,M4A4 | Spider Lily
Operation Riptide Case
,MAC-10 | Toybox
Operation Riptide Case
,Glock-18 | Snack Attack
Operation Riptide Case
,SSG 08 | Turbo Peek
Operation Riptide Case
,AK-47 | Leet Museo
Operation Riptide Case
,Desert Eagle | Ocean Drive
Snakebite Case
,SG 553 | Heavy Metal
Snakebite Case
,Glock-18 | Clear Polymer
Snakebite Case
,M249 | O.S.I.P.R.
Snakebite Case
,CZ75-Auto | Circaetus
Snakebite Case
,UMP-45 | Oscillator
Snakebite Case
,R8 Revolver | Junk Yard
Snakebite Case
,Nova | Windblown
Snakebite Case
,P250 | Cyber Shell
Snakebite Case
,Negev | dev_texture
Snakebite Case
,MAC-10 | Button Masher
Snakebite Case
,Desert Eagle | Trigger Discipline
Snakebite Case
,AK-47 | Slate
Snakebite Case
,MP9 | Food Chain
Snakebite Case
,XM1014 | XOXO
Snakebite Case
,Galil AR | Chromatic Aberration
Snakebite Case
,USP-S | The Traitor
Snakebite Case
,M4A4 | In Living Color
